{"materials":[{"id":"548","assetBundleId":"-2","data":["Sprites-Default",0,"28",3000,0,[["PixelSnap",0],["_EnableExternalAlpha",0]],[["_Color",1,1,1,1],["_RendererColor",1,1,1,1]],[["_MainTex_ST",1,1,0,0],["_Flip",1,1,1,1],["_AlphaTex_ST",1,1,0,0]],[["_MainTex",null,null],["_AlphaTex",null,null]],[]]},{"id":"780","assetBundleId":"-2","data":["Default-Line",0,"166",3000,0,[["_InvFade",1]],[],[["_MainTex_ST",1,1,0,0]],[["_MainTex",null,null]],[]]},{"id":"784","assetBundleId":"-2","data":["Default-ParticleSystem",0,"174",3000,0,[["_Cutoff",0.5],["_BumpScale",1],["_DistortionStrength",1],["_DistortionBlend",0.5],["_SoftParticlesNearFadeDistance",0],["_SoftParticlesFarFadeDistance",1],["_CameraNearFadeDistance",1],["_CameraFarFadeDistance",2],["_Mode",2],["_ColorMode",0],["_FlipbookMode",0],["_LightingEnabled",0],["_DistortionEnabled",0],["_EmissionEnabled",0],["_BlendOp",0],["_SrcBlend",5],["_DstBlend",10],["_ZWrite",0],["_Cull",2],["_SoftParticlesEnabled",0],["_CameraFadingEnabled",0],["_DistortionStrengthScaled",0]],[["_Color",1,1,1,1],["_EmissionColor",0,0,0,1]],[["_MainTex_ST",1,1,0,0],["_BumpMap_ST",1,1,0,0],["_EmissionMap_ST",1,1,0,0],["_SoftParticleFadeParams",0,0,0,0],["_CameraFadeParams",0,1e9999,0,0],["_ColorAddSubDiff",0,0,0,0]],[["_MainTex",1,"782"],["_BumpMap",null,null],["_EmissionMap",null,null]],[["_ALPHABLEND_ON",1]]]}],"shaders":[{"id":"166","assetBundleId":"-2","data":[[],"Legacy Shaders/Particles/Alpha Blended Premultiply","0000000000000000f000000000000000",[],[[0,[4,null],[0,null],[0,null],[[1,null],[10,null],[0,null]],[[1,null],[10,null],[0,null]],[14,null],[0,null],[0,null],[0,null],[255,null],[255,null],[[0,null],[0,null],[0,null],[8,null]],[[0,null],[0,null],[0,null],[8,null]],[[0,null],[0,null],[0,null],[8,null]],[["IGNOREPROJECTOR","true"],["PREVIEWTYPE","Plane"],["QUEUE","Transparent"],["RENDERTYPE","Transparent"],["LIGHTMODE","ALWAYS"]],[],[[[],0,1,0]],0]],[["_MainTex",4,0,0,0,0,"white"],["_InvFade",3,1,0.00999999977648258,3,0,""]],null,null,0,0]},{"id":"28","assetBundleId":"-2","data":[[],"Sprites/Default","0000000000000000f000000000000000",["PIXELSNAP_ON"],[[0,[4,null],[0,null],[0,null],[[1,null],[10,null],[0,null]],[[1,null],[10,null],[0,null]],[15,null],[0,null],[0,null],[0,null],[255,null],[255,null],[[0,null],[0,null],[0,null],[8,null]],[[0,null],[0,null],[0,null],[8,null]],[[0,null],[0,null],[0,null],[8,null]],[["CANUSESPRITEATLAS","true"],["IGNOREPROJECTOR","true"],["PREVIEWTYPE","Plane"],["QUEUE","Transparent"],["RENDERTYPE","Transparent"],["LIGHTMODE","ALWAYS"]],["PIXELSNAP_ON"],[[[],2,3,0]],0]],[["_MainTex",4,0,0,0,0,"white"],["_Color",0,1,1,1,1,""],["PixelSnap",2,0,0,0,0,""],["_RendererColor",0,1,1,1,1,""],["_Flip",1,1,1,1,1,""],["_AlphaTex",4,0,0,0,0,"white"],["_EnableExternalAlpha",2,0,0,0,0,""]],null,null,0,0]},{"id":"174","assetBundleId":"-2","data":[["Particles/Standard Unlit: Tags: \"IGNOREPROJECTOR\"=\"true\" \"LIGHTMODE\"=\"SHADOWCASTER\" \"PERFORMANCECHECKS\"=\"False\" \"PREVIEWTYPE\"=\"Plane\" \"RENDERTYPE\"=\"Opaque\" \"SHADOWSUPPORT\"=\"true\"\n","Particles/Standard Unlit: Tags: \"IGNOREPROJECTOR\"=\"true\" \"LIGHTMODE\"=\"FORWARDBASE\" \"PERFORMANCECHECKS\"=\"False\" \"PREVIEWTYPE\"=\"Plane\" \"RENDERTYPE\"=\"Opaque\"\n"],"Particles/Standard Unlit","0000000000000000f000000000000000",["SHADOWS_DEPTH","_ALPHATEST_ON","_ALPHABLEND_ON","_ALPHAPREMULTIPLY_ON","_ALPHAMODULATE_ON","_REQUIRE_UV2","_COLOROVERLAY_ON","_COLORCOLOR_ON","_COLORADDSUBDIFF_ON","FOG_LINEAR","FOG_EXP","FOG_EXP2","_EMISSION","_NORMALMAP","_FADING_ON","EFFECT_BUMP"],[[0,[0,null],[0,null],[0,null],[[1,null],[0,null],[0,null]],[[1,null],[0,null],[0,null]],[15,null],[0,null],[0,null],[0,null],[0,null],[0,null],[[0,null],[0,null],[0,null],[0,null]],[[0,null],[0,null],[0,null],[0,null]],[[0,null],[0,null],[0,null],[0,null]],[["LIGHTMODE","ALWAYS"],["GRABPASS","true"],["GRABPASS_TEXTURE_NAME","_GrabTexture"]],[],[[[],4,4,0]],0],[8,[4,null],[1,null],[0,null],[[1,null],[0,null],[0,null]],[[1,null],[0,null],[0,null]],[14,null],[0,null],[0,null],[0,null],[255,null],[255,null],[[0,null],[0,null],[0,null],[8,null]],[[0,null],[0,null],[0,null],[8,null]],[[0,null],[0,null],[0,null],[8,null]],[["IGNOREPROJECTOR","true"],["LIGHTMODE","SHADOWCASTER"],["PERFORMANCECHECKS","False"],["PREVIEWTYPE","Plane"],["RENDERTYPE","Opaque"],["SHADOWSUPPORT","true"]],["SHADOWS_DEPTH","_ALPHATEST_ON","_ALPHABLEND_ON","_ALPHAPREMULTIPLY_ON","_ALPHAMODULATE_ON","_REQUIRE_UV2","_COLOROVERLAY_ON","_COLORCOLOR_ON","_COLORADDSUBDIFF_ON"],[],0],[4,[4,null],[0,"_ZWrite"],[0,"_Cull"],[[0,"_SrcBlend"],[0,"_DstBlend"],[0,"_BlendOp"]],[[0,"_SrcBlend"],[0,"_DstBlend"],[0,"_BlendOp"]],[14,null],[0,null],[0,null],[0,null],[255,null],[255,null],[[0,null],[0,null],[0,null],[8,null]],[[0,null],[0,null],[0,null],[8,null]],[[0,null],[0,null],[0,null],[8,null]],[["IGNOREPROJECTOR","true"],["LIGHTMODE","FORWARDBASE"],["PERFORMANCECHECKS","False"],["PREVIEWTYPE","Plane"],["RENDERTYPE","Opaque"]],["FOG_LINEAR","FOG_EXP","FOG_EXP2","_EMISSION","_NORMALMAP","_FADING_ON","_REQUIRE_UV2","EFFECT_BUMP","_ALPHATEST_ON","_ALPHABLEND_ON","_ALPHAPREMULTIPLY_ON","_ALPHAMODULATE_ON","_COLOROVERLAY_ON","_COLORCOLOR_ON","_COLORADDSUBDIFF_ON"],[],0]],[["_MainTex",4,0,0,0,0,"white"],["_Color",0,1,1,1,1,""],["_Cutoff",3,0.5,0,1,0,""],["_BumpScale",2,1,0,0,0,""],["_BumpMap",4,0,0,0,0,"bump"],["_EmissionColor",0,0,0,0,1,""],["_EmissionMap",4,0,0,0,0,"white"],["_DistortionStrength",2,1,0,0,0,""],["_DistortionBlend",3,0.5,0,1,0,""],["_SoftParticlesNearFadeDistance",2,0,0,0,0,""],["_SoftParticlesFarFadeDistance",2,1,0,0,0,""],["_CameraNearFadeDistance",2,1,0,0,0,""],["_CameraFarFadeDistance",2,2,0,0,0,""],["_Mode",2,0,0,0,0,""],["_ColorMode",2,0,0,0,0,""],["_FlipbookMode",2,0,0,0,0,""],["_LightingEnabled",2,0,0,0,0,""],["_DistortionEnabled",2,0,0,0,0,""],["_EmissionEnabled",2,0,0,0,0,""],["_BlendOp",2,0,0,0,0,""],["_SrcBlend",2,1,0,0,0,""],["_DstBlend",2,0,0,0,0,""],["_ZWrite",2,1,0,0,0,""],["_Cull",2,2,0,0,0,""],["_SoftParticlesEnabled",2,0,0,0,0,""],["_CameraFadingEnabled",2,0,0,0,0,""],["_SoftParticleFadeParams",1,0,0,0,0,""],["_CameraFadeParams",1,0,0,0,0,""],["_ColorAddSubDiff",1,0,0,0,0,""],["_DistortionStrengthScaled",2,0,0,0,0,""]],0,"68",0,0]},{"id":"20","assetBundleId":"-2","data":[["Legacy Shaders/Diffuse: Tags: \"LIGHTMODE\"=\"FORWARDBASE\" \"RENDERTYPE\"=\"Opaque\" \"SHADOWSUPPORT\"=\"true\"\n","Legacy Shaders/Diffuse: Tags: \"LIGHTMODE\"=\"FORWARDADD\" \"RENDERTYPE\"=\"Opaque\"\n"],"Legacy Shaders/Diffuse","0000000000000000f000000000000000",["DIRECTIONAL","LIGHTMAP_ON","DIRLIGHTMAP_COMBINED","LIGHTPROBE_SH","FOG_LINEAR","FOG_EXP","FOG_EXP2","VERTEXLIGHT_ON","SPOT","DIRECTIONAL_COOKIE","POINT","POINT_COOKIE"],[[4,[4,null],[1,null],[2,null],[[1,null],[0,null],[0,null]],[[1,null],[0,null],[0,null]],[15,null],[0,null],[0,null],[0,null],[255,null],[255,null],[[0,null],[0,null],[0,null],[8,null]],[[0,null],[0,null],[0,null],[8,null]],[[0,null],[0,null],[0,null],[8,null]],[["LIGHTMODE","FORWARDBASE"],["RENDERTYPE","Opaque"],["SHADOWSUPPORT","true"]],["DIRECTIONAL","LIGHTMAP_ON","DIRLIGHTMAP_COMBINED","LIGHTPROBE_SH","FOG_LINEAR","FOG_EXP","FOG_EXP2","VERTEXLIGHT_ON"],[],0],[5,[4,null],[0,null],[2,null],[[1,null],[1,null],[0,null]],[[1,null],[1,null],[0,null]],[15,null],[0,null],[0,null],[0,null],[255,null],[255,null],[[0,null],[0,null],[0,null],[8,null]],[[0,null],[0,null],[0,null],[8,null]],[[0,null],[0,null],[0,null],[8,null]],[["LIGHTMODE","FORWARDADD"],["RENDERTYPE","Opaque"]],["SPOT","DIRECTIONAL","DIRECTIONAL_COOKIE","POINT","POINT_COOKIE","FOG_LINEAR","FOG_EXP","FOG_EXP2"],[],0]],[["_Color",0,1,1,1,1,""],["_MainTex",4,0,0,0,0,"white"]],0,"68",0,0]},{"id":"288","assetBundleId":"-2","data":[[],"Mobile/Particles/Additive","0000000000000000f000000000000000",["FOG_LINEAR","FOG_EXP","FOG_EXP2"],[[0,[4,null],[0,null],[0,null],[[5,null],[1,null],[0,null]],[[5,null],[1,null],[0,null]],[15,null],[0,null],[0,null],[0,null],[255,null],[255,null],[[0,null],[0,null],[0,null],[8,null]],[[0,null],[0,null],[0,null],[8,null]],[[0,null],[0,null],[0,null],[8,null]],[["IGNOREPROJECTOR","true"],["PREVIEWTYPE","Plane"],["QUEUE","Transparent"],["RENDERTYPE","Transparent"],["LIGHTMODE","ALWAYS"]],["FOG_LINEAR","FOG_EXP","FOG_EXP2"],[[[],5,6,0]],0]],[["_MainTex",4,0,0,0,0,"white"]],null,null,0,0]},{"id":"296","assetBundleId":"-2","data":[[],"Unlit/Transparent","0000000000000000f000000000000000",["FOG_LINEAR","FOG_EXP","FOG_EXP2"],[[0,[4,null],[0,null],[2,null],[[5,null],[10,null],[0,null]],[[5,null],[10,null],[0,null]],[15,null],[0,null],[0,null],[0,null],[255,null],[255,null],[[0,null],[0,null],[0,null],[8,null]],[[0,null],[0,null],[0,null],[8,null]],[[0,null],[0,null],[0,null],[8,null]],[["IGNOREPROJECTOR","true"],["QUEUE","Transparent"],["RENDERTYPE","Transparent"],["LIGHTMODE","ALWAYS"]],["FOG_LINEAR","FOG_EXP","FOG_EXP2"],[[[],7,8,0]],0]],[["_MainTex",4,0,0,0,0,"white"]],null,null,0,0]},{"id":"30","assetBundleId":"-2","data":[[],"UI/Default","0000000000000000f000000000000000",["UNITY_UI_CLIP_RECT","UNITY_UI_ALPHACLIP"],[[0,[0,"unity_GUIZTestMode"],[0,null],[0,null],[[1,null],[10,null],[0,null]],[[1,null],[10,null],[0,null]],[0,"_ColorMask"],[0,null],[0,null],[0,"_Stencil"],[0,"_StencilReadMask"],[0,"_StencilWriteMask"],[[0,"_StencilOp"],[0,null],[0,null],[0,"_StencilComp"]],[[0,null],[0,null],[0,null],[8,null]],[[0,null],[0,null],[0,null],[8,null]],[["CANUSESPRITEATLAS","true"],["IGNOREPROJECTOR","true"],["PREVIEWTYPE","Plane"],["QUEUE","Transparent"],["RENDERTYPE","Transparent"],["LIGHTMODE","ALWAYS"]],["UNITY_UI_CLIP_RECT","UNITY_UI_ALPHACLIP"],[[[],9,10,0],[["UNITY_UI_ALPHACLIP"],9,11,0]],0]],[["_MainTex",4,0,0,0,0,"white"],["_Color",0,1,1,1,1,""],["_StencilComp",2,8,0,0,0,""],["_Stencil",2,0,0,0,0,""],["_StencilOp",2,0,0,0,0,""],["_StencilWriteMask",2,255,0,0,0,""],["_StencilReadMask",2,255,0,0,0,""],["_ColorMask",2,15,0,0,0,""],["_UseUIAlphaClip",2,0,0,0,0,""]],null,null,0,0]},{"id":"64","assetBundleId":"-2","data":[["Standard: Tags: \"LIGHTMODE\"=\"SHADOWCASTER\" \"PERFORMANCECHECKS\"=\"False\" \"RENDERTYPE\"=\"Opaque\" \"SHADOWSUPPORT\"=\"true\"\n"],"Standard","0000000000000000f000000000000000",["DIRECTIONAL","LIGHTMAP_ON","DIRLIGHTMAP_COMBINED","LIGHTPROBE_SH","FOG_LINEAR","FOG_EXP","FOG_EXP2","_EMISSION","VERTEXLIGHT_ON","_NORMALMAP","_ALPHATEST_ON","_ALPHABLEND_ON","_ALPHAPREMULTIPLY_ON","_METALLICGLOSSMAP","_PARALLAXMAP","_DETAIL_MULX2","_SMOOTHNESS_TEXTURE_ALBEDO_CHANNEL_A","_SPECULARHIGHLIGHTS_OFF","_GLOSSYREFLECTIONS_OFF","SPOT","DIRECTIONAL_COOKIE","POINT","POINT_COOKIE","SHADOWS_DEPTH"],[[4,[4,null],[0,"_ZWrite"],[2,null],[[0,"_SrcBlend"],[0,"_DstBlend"],[0,null]],[[0,"_SrcBlend"],[0,"_DstBlend"],[0,null]],[15,null],[0,null],[0,null],[0,null],[255,null],[255,null],[[0,null],[0,null],[0,null],[8,null]],[[0,null],[0,null],[0,null],[8,null]],[[0,null],[0,null],[0,null],[8,null]],[["LIGHTMODE","FORWARDBASE"],["PERFORMANCECHECKS","False"],["RENDERTYPE","Opaque"],["SHADOWSUPPORT","true"]],["DIRECTIONAL","LIGHTMAP_ON","DIRLIGHTMAP_COMBINED","LIGHTPROBE_SH","FOG_LINEAR","FOG_EXP","FOG_EXP2","_EMISSION","VERTEXLIGHT_ON","_NORMALMAP","_ALPHATEST_ON","_ALPHABLEND_ON","_ALPHAPREMULTIPLY_ON","_METALLICGLOSSMAP","_PARALLAXMAP","_DETAIL_MULX2","_SMOOTHNESS_TEXTURE_ALBEDO_CHANNEL_A","_SPECULARHIGHLIGHTS_OFF","_GLOSSYREFLECTIONS_OFF"],[[["DIRECTIONAL","LIGHTPROBE_SH"],18,19,0],[["DIRECTIONAL","LIGHTPROBE_SH","_EMISSION"],18,20,0]],0],[5,[4,null],[0,null],[2,null],[[0,"_SrcBlend"],[1,null],[0,null]],[[0,"_SrcBlend"],[1,null],[0,null]],[15,null],[0,null],[0,null],[0,null],[255,null],[255,null],[[0,null],[0,null],[0,null],[8,null]],[[0,null],[0,null],[0,null],[8,null]],[[0,null],[0,null],[0,null],[8,null]],[["LIGHTMODE","FORWARDADD"],["PERFORMANCECHECKS","False"],["RENDERTYPE","Opaque"],["SHADOWSUPPORT","true"]],["SPOT","DIRECTIONAL","DIRECTIONAL_COOKIE","POINT","POINT_COOKIE","SHADOWS_DEPTH","FOG_LINEAR","FOG_EXP","FOG_EXP2","_NORMALMAP","_ALPHATEST_ON","_ALPHABLEND_ON","_ALPHAPREMULTIPLY_ON","_METALLICGLOSSMAP","_PARALLAXMAP","_SMOOTHNESS_TEXTURE_ALBEDO_CHANNEL_A","_SPECULARHIGHLIGHTS_OFF","_DETAIL_MULX2"],[[["DIRECTIONAL"],21,22,0]],0],[8,[4,null],[1,null],[2,null],[[1,null],[0,null],[0,null]],[[1,null],[0,null],[0,null]],[15,null],[0,null],[0,null],[0,null],[255,null],[255,null],[[0,null],[0,null],[0,null],[8,null]],[[0,null],[0,null],[0,null],[8,null]],[[0,null],[0,null],[0,null],[8,null]],[["LIGHTMODE","SHADOWCASTER"],["PERFORMANCECHECKS","False"],["RENDERTYPE","Opaque"],["SHADOWSUPPORT","true"]],["SHADOWS_DEPTH","_ALPHATEST_ON","_ALPHABLEND_ON","_ALPHAPREMULTIPLY_ON","_METALLICGLOSSMAP","_PARALLAXMAP","_SMOOTHNESS_TEXTURE_ALBEDO_CHANNEL_A"],[],0]],[["_Color",0,1,1,1,1,""],["_MainTex",4,0,0,0,0,"white"],["_Cutoff",3,0.5,0,1,0,""],["_Glossiness",3,0.5,0,1,0,""],["_GlossMapScale",3,1,0,1,0,""],["_SmoothnessTextureChannel",2,0,0,0,0,""],["_Metallic",3,0,0,1,0,""],["_MetallicGlossMap",4,0,0,0,0,"white"],["_SpecularHighlights",2,1,0,0,0,""],["_GlossyReflections",2,1,0,0,0,""],["_BumpScale",2,1,0,0,0,""],["_BumpMap",4,0,0,0,0,"bump"],["_Parallax",3,0.0199999995529652,0.00499999988824129,0.0799999982118607,0,""],["_ParallaxMap",4,0,0,0,0,"black"],["_OcclusionStrength",3,1,0,1,0,""],["_OcclusionMap",4,0,0,0,0,"white"],["_EmissionColor",0,0,0,0,1,""],["_EmissionMap",4,0,0,0,0,"white"],["_DetailMask",4,0,0,0,0,"white"],["_DetailAlbedoMap",4,0,0,0,0,"grey"],["_DetailNormalMapScale",2,1,0,0,0,""],["_DetailNormalMap",4,0,0,0,0,"bump"],["_UVSec",2,0,0,0,0,""],["_Mode",2,0,0,0,0,""],["_SrcBlend",2,1,0,0,0,""],["_DstBlend",2,0,0,0,0,""],["_ZWrite",2,1,0,0,0,""]],0,"68",0,0]},{"id":"68","assetBundleId":"-2","data":[["Legacy Shaders/VertexLit: Tags: \"LIGHTMODE\"=\"Vertex\" \"RENDERTYPE\"=\"Opaque\"\n","Legacy Shaders/VertexLit: Tags: \"LIGHTMODE\"=\"VertexLM\" \"RENDERTYPE\"=\"Opaque\"\n","Legacy Shaders/VertexLit: Tags: \"LIGHTMODE\"=\"SHADOWCASTER\" \"RENDERTYPE\"=\"Opaque\" \"SHADOWSUPPORT\"=\"true\"\n"],"Legacy Shaders/VertexLit","0000000000000000f000000000000000",["SPOT","POINT","FOG_LINEAR","FOG_EXP","FOG_EXP2","SHADOWS_DEPTH"],[[1,[4,null],[1,null],[2,null],[[1,null],[0,null],[0,null]],[[1,null],[0,null],[0,null]],[15,null],[0,null],[0,null],[0,null],[255,null],[255,null],[[0,null],[0,null],[0,null],[8,null]],[[0,null],[0,null],[0,null],[8,null]],[[0,null],[0,null],[0,null],[8,null]],[["LIGHTMODE","Vertex"],["RENDERTYPE","Opaque"]],["SPOT","POINT","FOG_LINEAR","FOG_EXP","FOG_EXP2"],[],0],[2,[4,null],[1,null],[2,null],[[1,null],[0,null],[0,null]],[[1,null],[0,null],[0,null]],[15,null],[0,null],[0,null],[0,null],[255,null],[255,null],[[0,null],[0,null],[0,null],[8,null]],[[0,null],[0,null],[0,null],[8,null]],[[0,null],[0,null],[0,null],[8,null]],[["LIGHTMODE","VertexLM"],["RENDERTYPE","Opaque"]],["FOG_LINEAR","FOG_EXP","FOG_EXP2"],[],0],[8,[4,null],[1,null],[2,null],[[1,null],[0,null],[0,null]],[[1,null],[0,null],[0,null]],[15,null],[0,null],[0,null],[0,null],[255,null],[255,null],[[0,null],[0,null],[0,null],[8,null]],[[0,null],[0,null],[0,null],[8,null]],[[0,null],[0,null],[0,null],[8,null]],[["LIGHTMODE","SHADOWCASTER"],["RENDERTYPE","Opaque"],["SHADOWSUPPORT","true"]],["SHADOWS_DEPTH"],[],0]],[["_Color",0,1,1,1,1,""],["_SpecColor",0,1,1,1,1,""],["_Emission",0,0,0,0,0,""],["_Shininess",3,0.699999988079071,0.00999999977648258,1,0,""],["_MainTex",4,0,0,0,0,"white"]],null,null,0,0]}],"textures":[{"id":"782","type":0,"path":"Resources/unity_builtin_extra\\Default-ParticleSystem","assetBundleId":"-2","data":["Default-ParticleSystem",64,64,7,1,1,0,4,1,0,1]}],"resources":[{"id":"resources","assetBundleId":"-2","data":[[["unity_builtin_extra",0,"30"],["unity_builtin_extra",0,"64"],["unity_builtin_extra",0,"288"],["unity_builtin_extra",0,"174"],["unity_builtin_extra",1,"782"],["unity_builtin_extra",11,"784"],["unity_builtin_extra",0,"166"],["unity_builtin_extra",11,"780"],["unity_builtin_extra",0,"296"],["unity_builtin_extra",0,"28"],["unity_builtin_extra",11,"548"],["dotweensettings",53,"26294"]],[]]}],"project-settings":[{"id":"-1","assetBundleId":"-2","data":[[["EventSystem",-1000],["TextMeshProUGUI",-100],["ToggleGroup",10],["TextContainer",-110],["TextMeshPro",-105]],[[0,"Default",0]],[[0,"Default"],[1,"TransparentFX"],[2,"Ignore Raycast"],[4,"Water"],[5,"UI"],[6,"Building"],[7,"Gun"]],[0.0199999995529652,0.333333343267441,1,0.0299999993294477],[0,-9.8100004196167,0,6,2,0,1,[[0,0,0],[0,0,1],[0,0,2],[0,0,4],[0,0,5],[0,0,6],[0,0,7],[0,1,0],[0,1,1],[0,1,2],[0,1,4],[0,1,5],[0,1,6],[0,1,7],[0,2,0],[0,2,1],[0,2,2],[0,2,4],[0,2,5],[0,2,6],[0,2,7],[0,4,0],[0,4,1],[0,4,2],[0,4,4],[0,4,5],[0,4,6],[0,4,7],[0,5,0],[0,5,1],[0,5,2],[0,5,4],[0,5,5],[0,5,6],[0,5,7],[0,6,0],[0,6,1],[0,6,2],[0,6,4],[0,6,5],[0,6,6],[0,6,7],[0,7,0],[0,7,1],[0,7,2],[0,7,4],[0,7,5],[0,7,6],[0,7,7]]],[null,null,0,-9.8100004196167,3,8,1,0.200000002980232,8,0,0,0.5,0.00999999977648258,2,0.00999999977648258,1,1,1,1,1,0,[[0,0,0],[0,0,1],[0,0,2],[0,0,4],[0,0,5],[0,0,6],[0,0,7],[0,1,0],[0,1,1],[0,1,2],[0,1,4],[0,1,5],[0,1,6],[0,1,7],[0,2,0],[0,2,1],[0,2,2],[0,2,4],[0,2,5],[0,2,6],[0,2,7],[0,4,0],[0,4,1],[0,4,2],[0,4,4],[0,4,5],[0,4,6],[0,4,7],[0,5,0],[0,5,1],[0,5,2],[0,5,4],[0,5,5],[0,5,6],[0,5,7],[0,6,0],[0,6,1],[0,6,2],[0,6,4],[0,6,5],[0,6,6],[0,6,7],[0,7,0],[0,7,1],[0,7,2],[0,7,4],[0,7,5],[0,7,6],[0,7,7]]],[[[[],["Very Low","Low","Medium","High","Very High","Ultra"],0,0,0,0.300000011920929,1,15,0,1,0,0,0,0,0,1,2,4,0,0,0.333333343267441,0.0666666701436043,0.200000002980232,0.466666668653488,0,0,16,2,0,3,512,0,1,2,512,1,1024,0],[[],["Very Low","Low","Medium","High","Very High","Ultra"],0,0,0,0.400000005960464,1,20,0,1,0,0,0,0,0,0,2,16,0,0,0.333333343267441,0.0666666701436043,0.200000002980232,0.466666668653488,0,0,16,2,0,3,512,0,1,2,512,1,1024,1],[[],["Very Low","Low","Medium","High","Very High","Ultra"],1,1,0,0.699999988079071,1,20,0,1,0,0,0,0,0,0,2,64,1,0,0.333333343267441,0.0666666701436043,0.200000002980232,0.466666668653488,0,1,16,2,0,3,512,0,1,2,512,1,1024,2],[[],["Very Low","Low","Medium","High","Very High","Ultra"],2,1,0,1,2,40,1,1,1,0,1,0,0,0,2,256,2,1,0.333333343267441,0.0666666701436043,0.200000002980232,0.466666668653488,0,1,16,2,1,3,512,0,1,2,512,1,1024,3],[[],["Very Low","Low","Medium","High","Very High","Ultra"],2,2,2,1.5,2,70,1,1,2,1,1,0,0,0,2,1024,3,1,0.333333343267441,0.0666666701436043,0.200000002980232,0.466666668653488,0,1,16,2,1,3,512,0,1,2,512,1,1024,4],[[],["Very Low","Low","Medium","High","Very High","Ultra"],2,2,2,2,4,150,1,1,2,1,1,0,0,0,2,4096,4,1,0.333333343267441,0.0666666701436043,0.200000002980232,0.466666668653488,0,1,16,2,1,3,512,0,1,2,512,1,1024,5]],["Very Low","Low","Medium","High","Very High","Ultra"],2,2,2,2,4,150,1,1,2,1,1,0,0,0,2,4096,4,1,0.333333343267441,0.0666666701436043,0.200000002980232,0.466666668653488,0,1,16,2,1,3,512,0,1,2,512,1,1024,5],0,1,0,2,0]}]}